symboling,normalized_losses,make,fuel_type,aspiration,num_of_doors,body_style,drive_wheels,engine_location,wheel_base,length,width,height,curb_weight,engine_type,num_of_cylinders,engine_size,fuel_system,bore,stroke,compression_ratio,horsepower,peak_rpm,city_mpg,highway_mpg,price,city-L/100km,highway-L/100km,length_scaled,width_scaled,height_scaled,horsepower_binned,fuel_type_diesel,fuel_type_gas,aspiration_std,aspiration_turbo
3,122,alfa-romero,gas,std,two,convertible,rwd,front,88.6,168.8,64.1,48.8,2548.0,dohc,four,130.0,mpfi,3.47,2.68,9.0,111,5000.0,21.0,27.0,13495.0,11.19047619047619,8.703703703703704,0.8111484863046613,0.8902777777777777,0.8160535117056856,Low,0,1,1,0
3,122,alfa-romero,gas,std,two,convertible,rwd,front,88.6,168.8,64.1,48.8,2548.0,dohc,four,130.0,mpfi,3.47,2.68,9.0,111,5000.0,21.0,27.0,16500.0,11.19047619047619,8.703703703703704,0.8111484863046613,0.8902777777777777,0.8160535117056856,Low,0,1,1,0
1,122,alfa-romero,gas,std,two,hatchback,rwd,front,94.5,171.2,65.5,52.4,2823.0,ohcv,six,152.0,mpfi,2.68,3.47,9.0,154,5000.0,19.0,26.0,16500.0,12.368421052631579,9.038461538461538,0.8226814031715521,0.9097222222222222,0.8762541806020067,Medium,0,1,1,0
2,164,audi,gas,std,four,sedan,fwd,front,99.8,176.6,66.2,54.3,2337.0,ohc,four,109.0,mpfi,3.19,3.4,10.0,102,5500.0,24.0,30.0,13950.0,9.791666666666666,7.833333333333333,0.8486304661220567,0.9194444444444445,0.9080267558528428,Low,0,1,1,0
2,164,audi,gas,std,four,sedan,4wd,front,99.4,176.6,66.4,54.3,2824.0,ohc,five,136.0,mpfi,3.19,3.4,8.0,115,5500.0,18.0,22.0,17450.0,13.055555555555555,10.681818181818182,0.8486304661220567,0.9222222222222223,0.9080267558528428,Low,0,1,1,0
2,122,audi,gas,std,two,sedan,fwd,front,99.8,177.3,66.3,53.1,2507.0,ohc,five,136.0,mpfi,3.19,3.4,8.5,110,5500.0,19.0,25.0,15250.0,12.368421052631579,9.4,0.8519942335415667,0.9208333333333333,0.8879598662207359,Low,0,1,1,0
1,158,audi,gas,std,four,sedan,fwd,front,105.8,192.7,71.4,55.7,2844.0,ohc,five,136.0,mpfi,3.19,3.4,8.5,110,5500.0,19.0,25.0,17710.0,12.368421052631579,9.4,0.9259971167707832,0.9916666666666667,0.931438127090301,Low,0,1,1,0
1,122,audi,gas,std,four,wagon,fwd,front,105.8,192.7,71.4,55.7,2954.0,ohc,five,136.0,mpfi,3.19,3.4,8.5,110,5500.0,19.0,25.0,18920.0,12.368421052631579,9.4,0.9259971167707832,0.9916666666666667,0.931438127090301,Low,0,1,1,0
1,158,audi,gas,turbo,four,sedan,fwd,front,105.8,192.7,71.4,55.9,3086.0,ohc,five,131.0,mpfi,3.13,3.4,8.3,140,5500.0,17.0,20.0,23875.0,13.823529411764707,11.75,0.9259971167707832,0.9916666666666667,0.9347826086956522,Medium,0,1,0,1
2,192,bmw,gas,std,two,sedan,rwd,front,101.2,176.8,64.8,54.3,2395.0,ohc,four,108.0,mpfi,3.5,2.8,8.8,101,5800.0,23.0,29.0,16430.0,10.217391304347826,8.10344827586207,0.849591542527631,0.8999999999999999,0.9080267558528428,Low,0,1,1,0
0,192,bmw,gas,std,four,sedan,rwd,front,101.2,176.8,64.8,54.3,2395.0,ohc,four,108.0,mpfi,3.5,2.8,8.8,101,5800.0,23.0,29.0,16925.0,10.217391304347826,8.10344827586207,0.849591542527631,0.8999999999999999,0.9080267558528428,Low,0,1,1,0
0,188,bmw,gas,std,two,sedan,rwd,front,101.2,176.8,64.8,54.3,2710.0,ohc,six,164.0,mpfi,3.31,3.19,9.0,121,4250.0,21.0,28.0,20970.0,11.19047619047619,8.392857142857142,0.849591542527631,0.8999999999999999,0.9080267558528428,Medium,0,1,1,0
0,188,bmw,gas,std,four,sedan,rwd,front,101.2,176.8,64.8,54.3,2765.0,ohc,six,164.0,mpfi,3.31,3.19,9.0,121,4250.0,21.0,28.0,21105.0,11.19047619047619,8.392857142857142,0.849591542527631,0.8999999999999999,0.9080267558528428,Medium,0,1,1,0
1,122,bmw,gas,std,four,sedan,rwd,front,103.5,189.0,66.9,55.7,3055.0,ohc,six,164.0,mpfi,3.31,3.19,9.0,121,4250.0,20.0,25.0,24565.0,11.75,9.4,0.9082172032676598,0.9291666666666667,0.931438127090301,Medium,0,1,1,0
0,122,bmw,gas,std,four,sedan,rwd,front,103.5,189.0,66.9,55.7,3230.0,ohc,six,209.0,mpfi,3.62,3.39,8.0,182,5400.0,16.0,22.0,30760.0,14.6875,10.681818181818182,0.9082172032676598,0.9291666666666667,0.931438127090301,Medium,0,1,1,0
0,122,bmw,gas,std,two,sedan,rwd,front,103.5,193.8,67.9,53.7,3380.0,ohc,six,209.0,mpfi,3.62,3.39,8.0,182,5400.0,16.0,22.0,41315.0,14.6875,10.681818181818182,0.9312830370014417,0.9430555555555556,0.8979933110367894,Medium,0,1,1,0
0,122,bmw,gas,std,four,sedan,rwd,front,110.0,197.0,70.9,56.3,3505.0,ohc,six,209.0,mpfi,3.62,3.39,8.0,182,5400.0,15.0,20.0,36880.0,15.666666666666666,11.75,0.9466602594906295,0.9847222222222223,0.9414715719063546,Medium,0,1,1,0
2,121,chevrolet,gas,std,two,hatchback,fwd,front,88.4,141.1,60.3,53.2,1488.0,l,three,61.0,2bbl,2.91,3.03,9.5,48,5100.0,47.0,53.0,5151.0,5.0,4.433962264150943,0.6780394041326285,0.8374999999999999,0.8896321070234114,Low,0,1,1,0
1,98,chevrolet,gas,std,two,hatchback,fwd,front,94.5,155.9,63.6,52.0,1874.0,ohc,four,90.0,2bbl,3.03,3.11,9.6,70,5400.0,38.0,43.0,6295.0,6.184210526315789,5.465116279069767,0.7491590581451226,0.8833333333333333,0.8695652173913044,Low,0,1,1,0
0,81,chevrolet,gas,std,four,sedan,fwd,front,94.5,158.8,63.6,52.0,1909.0,ohc,four,90.0,2bbl,3.03,3.11,9.6,70,5400.0,38.0,43.0,6575.0,6.184210526315789,5.465116279069767,0.7630946660259491,0.8833333333333333,0.8695652173913044,Low,0,1,1,0
1,118,dodge,gas,std,two,hatchback,fwd,front,93.7,157.3,63.8,50.8,1876.0,ohc,four,90.0,2bbl,2.97,3.23,9.41,68,5500.0,37.0,41.0,5572.0,6.351351351351352,5.7317073170731705,0.7558865929841423,0.8861111111111111,0.8494983277591973,Low,0,1,1,0
1,118,dodge,gas,std,two,hatchback,fwd,front,93.7,157.3,63.8,50.8,1876.0,ohc,four,90.0,2bbl,2.97,3.23,9.4,68,5500.0,31.0,38.0,6377.0,7.580645161290323,6.184210526315789,0.7558865929841423,0.8861111111111111,0.8494983277591973,Low,0,1,1,0
1,118,dodge,gas,turbo,two,hatchback,fwd,front,93.7,157.3,63.8,50.8,2128.0,ohc,four,98.0,mpfi,3.03,3.39,7.6,102,5500.0,24.0,30.0,7957.0,9.791666666666666,7.833333333333333,0.7558865929841423,0.8861111111111111,0.8494983277591973,Low,0,1,0,1
1,148,dodge,gas,std,four,hatchback,fwd,front,93.7,157.3,63.8,50.6,1967.0,ohc,four,90.0,2bbl,2.97,3.23,9.4,68,5500.0,31.0,38.0,6229.0,7.580645161290323,6.184210526315789,0.7558865929841423,0.8861111111111111,0.8461538461538463,Low,0,1,1,0
1,148,dodge,gas,std,four,sedan,fwd,front,93.7,157.3,63.8,50.6,1989.0,ohc,four,90.0,2bbl,2.97,3.23,9.4,68,5500.0,31.0,38.0,6692.0,7.580645161290323,6.184210526315789,0.7558865929841423,0.8861111111111111,0.8461538461538463,Low,0,1,1,0
1,148,dodge,gas,std,four,sedan,fwd,front,93.7,157.3,63.8,50.6,1989.0,ohc,four,90.0,2bbl,2.97,3.23,9.4,68,5500.0,31.0,38.0,7609.0,7.580645161290323,6.184210526315789,0.7558865929841423,0.8861111111111111,0.8461538461538463,Low,0,1,1,0
1,148,dodge,gas,turbo,four,sedan,fwd,front,93.7,157.3,63.8,50.6,2191.0,ohc,four,98.0,mpfi,3.03,3.39,7.6,102,5500.0,24.0,30.0,8558.0,9.791666666666666,7.833333333333333,0.7558865929841423,0.8861111111111111,0.8461538461538463,Low,0,1,0,1
-1,110,dodge,gas,std,four,wagon,fwd,front,103.3,174.6,64.6,59.8,2535.0,ohc,four,122.0,2bbl,3.34,3.46,8.5,88,5000.0,24.0,30.0,8921.0,9.791666666666666,7.833333333333333,0.8390197020663143,0.8972222222222221,1.0,Low,0,1,1,0
3,145,dodge,gas,turbo,two,hatchback,fwd,front,95.9,173.2,66.3,50.2,2811.0,ohc,four,156.0,mfi,3.6,3.9,7.0,145,5000.0,19.0,24.0,12964.0,12.368421052631579,9.791666666666666,0.8322921672272945,0.9208333333333333,0.8394648829431439,Medium,0,1,0,1
2,137,honda,gas,std,two,hatchback,fwd,front,86.6,144.6,63.9,50.8,1713.0,ohc,four,92.0,1bbl,2.91,3.41,9.6,58,4800.0,49.0,54.0,6479.0,4.795918367346939,4.351851851851852,0.6948582412301778,0.8875,0.8494983277591973,Low,0,1,1,0
2,137,honda,gas,std,two,hatchback,fwd,front,86.6,144.6,63.9,50.8,1819.0,ohc,four,92.0,1bbl,2.91,3.41,9.2,76,6000.0,31.0,38.0,6855.0,7.580645161290323,6.184210526315789,0.6948582412301778,0.8875,0.8494983277591973,Low,0,1,1,0
1,101,honda,gas,std,two,hatchback,fwd,front,93.7,150.0,64.0,52.6,1837.0,ohc,four,79.0,1bbl,2.91,3.07,10.1,60,5500.0,38.0,42.0,5399.0,6.184210526315789,5.595238095238095,0.7208073041806824,0.8888888888888888,0.8795986622073579,Low,0,1,1,0
1,101,honda,gas,std,two,hatchback,fwd,front,93.7,150.0,64.0,52.6,1940.0,ohc,four,92.0,1bbl,2.91,3.41,9.2,76,6000.0,30.0,34.0,6529.0,7.833333333333333,6.911764705882353,0.7208073041806824,0.8888888888888888,0.8795986622073579,Low,0,1,1,0
1,101,honda,gas,std,two,hatchback,fwd,front,93.7,150.0,64.0,52.6,1956.0,ohc,four,92.0,1bbl,2.91,3.41,9.2,76,6000.0,30.0,34.0,7129.0,7.833333333333333,6.911764705882353,0.7208073041806824,0.8888888888888888,0.8795986622073579,Low,0,1,1,0
0,110,honda,gas,std,four,sedan,fwd,front,96.5,163.4,64.0,54.5,2010.0,ohc,four,92.0,1bbl,2.91,3.41,9.2,76,6000.0,30.0,34.0,7295.0,7.833333333333333,6.911764705882353,0.7851994233541567,0.8888888888888888,0.911371237458194,Low,0,1,1,0
0,78,honda,gas,std,four,wagon,fwd,front,96.5,157.1,63.9,58.3,2024.0,ohc,four,92.0,1bbl,2.92,3.41,9.2,76,6000.0,30.0,34.0,7295.0,7.833333333333333,6.911764705882353,0.754925516578568,0.8875,0.9749163879598662,Low,0,1,1,0
0,106,honda,gas,std,two,hatchback,fwd,front,96.5,167.5,65.2,53.3,2236.0,ohc,four,110.0,1bbl,3.15,3.58,9.0,86,5800.0,27.0,33.0,7895.0,8.703703703703704,7.121212121212121,0.8049014896684287,0.9055555555555556,0.8913043478260869,Low,0,1,1,0
0,106,honda,gas,std,two,hatchback,fwd,front,96.5,167.5,65.2,53.3,2289.0,ohc,four,110.0,1bbl,3.15,3.58,9.0,86,5800.0,27.0,33.0,9095.0,8.703703703703704,7.121212121212121,0.8049014896684287,0.9055555555555556,0.8913043478260869,Low,0,1,1,0
0,85,honda,gas,std,four,sedan,fwd,front,96.5,175.4,65.2,54.1,2304.0,ohc,four,110.0,1bbl,3.15,3.58,9.0,86,5800.0,27.0,33.0,8845.0,8.703703703703704,7.121212121212121,0.8428640076886112,0.9055555555555556,0.9046822742474917,Low,0,1,1,0
0,85,honda,gas,std,four,sedan,fwd,front,96.5,175.4,62.5,54.1,2372.0,ohc,four,110.0,1bbl,3.15,3.58,9.0,86,5800.0,27.0,33.0,10295.0,8.703703703703704,7.121212121212121,0.8428640076886112,0.8680555555555556,0.9046822742474917,Low,0,1,1,0
0,85,honda,gas,std,four,sedan,fwd,front,96.5,175.4,65.2,54.1,2465.0,ohc,four,110.0,mpfi,3.15,3.58,9.0,101,5800.0,24.0,28.0,12945.0,9.791666666666666,8.392857142857142,0.8428640076886112,0.9055555555555556,0.9046822742474917,Low,0,1,1,0
1,107,honda,gas,std,two,sedan,fwd,front,96.5,169.1,66.0,51.0,2293.0,ohc,four,110.0,2bbl,3.15,3.58,9.1,100,5500.0,25.0,31.0,10345.0,9.4,7.580645161290323,0.8125901009130225,0.9166666666666666,0.8528428093645485,Low,0,1,1,0
0,122,isuzu,gas,std,four,sedan,rwd,front,94.3,170.7,61.8,53.5,2337.0,ohc,four,111.0,2bbl,3.31,3.23,8.5,78,4800.0,24.0,29.0,6785.0,9.791666666666666,8.10344827586207,0.8202787121576165,0.8583333333333333,0.8946488294314382,Low,0,1,1,0
2,122,isuzu,gas,std,two,hatchback,rwd,front,96.0,172.6,65.2,51.4,2734.0,ohc,four,119.0,spfi,3.43,3.23,9.2,90,5000.0,24.0,29.0,11048.0,9.791666666666666,8.10344827586207,0.8294089380105718,0.9055555555555556,0.8595317725752508,Low,0,1,1,0
0,145,jaguar,gas,std,four,sedan,rwd,front,113.0,199.6,69.6,52.8,4066.0,dohc,six,258.0,mpfi,3.63,4.17,8.1,176,4750.0,15.0,19.0,32250.0,15.666666666666666,12.368421052631579,0.9591542527630946,0.9666666666666666,0.882943143812709,Medium,0,1,1,0
0,122,jaguar,gas,std,four,sedan,rwd,front,113.0,199.6,69.6,52.8,4066.0,dohc,six,258.0,mpfi,3.63,4.17,8.1,176,4750.0,15.0,19.0,35550.0,15.666666666666666,12.368421052631579,0.9591542527630946,0.9666666666666666,0.882943143812709,Medium,0,1,1,0
0,122,jaguar,gas,std,two,sedan,rwd,front,102.0,191.7,70.6,47.8,3950.0,ohcv,twelve,326.0,mpfi,3.54,2.76,11.5,262,5000.0,13.0,17.0,36000.0,18.076923076923077,13.823529411764707,0.921191734742912,0.9805555555555555,0.7993311036789298,High,0,1,1,0
1,104,mazda,gas,std,two,hatchback,fwd,front,93.1,159.1,64.2,54.1,1890.0,ohc,four,91.0,2bbl,3.03,3.15,9.0,68,5000.0,30.0,31.0,5195.0,7.833333333333333,7.580645161290323,0.7645362806343105,0.8916666666666667,0.9046822742474917,Low,0,1,1,0
1,104,mazda,gas,std,two,hatchback,fwd,front,93.1,159.1,64.2,54.1,1900.0,ohc,four,91.0,2bbl,3.03,3.15,9.0,68,5000.0,31.0,38.0,6095.0,7.580645161290323,6.184210526315789,0.7645362806343105,0.8916666666666667,0.9046822742474917,Low,0,1,1,0
1,104,mazda,gas,std,two,hatchback,fwd,front,93.1,159.1,64.2,54.1,1905.0,ohc,four,91.0,2bbl,3.03,3.15,9.0,68,5000.0,31.0,38.0,6795.0,7.580645161290323,6.184210526315789,0.7645362806343105,0.8916666666666667,0.9046822742474917,Low,0,1,1,0
1,113,mazda,gas,std,four,sedan,fwd,front,93.1,166.8,64.2,54.1,1945.0,ohc,four,91.0,2bbl,3.03,3.15,9.0,68,5000.0,31.0,38.0,6695.0,7.580645161290323,6.184210526315789,0.8015377222489188,0.8916666666666667,0.9046822742474917,Low,0,1,1,0
1,113,mazda,gas,std,four,sedan,fwd,front,93.1,166.8,64.2,54.1,1950.0,ohc,four,91.0,2bbl,3.08,3.15,9.0,68,5000.0,31.0,38.0,7395.0,7.580645161290323,6.184210526315789,0.8015377222489188,0.8916666666666667,0.9046822742474917,Low,0,1,1,0
3,150,mazda,gas,std,two,hatchback,rwd,front,95.3,169.0,65.7,49.6,2380.0,rotor,two,70.0,4bbl,3.3297512437810943,3.255422885572139,9.4,101,6000.0,17.0,23.0,10945.0,13.823529411764707,10.217391304347826,0.8121095627102355,0.9125000000000001,0.8294314381270904,Low,0,1,1,0
3,150,mazda,gas,std,two,hatchback,rwd,front,95.3,169.0,65.7,49.6,2380.0,rotor,two,70.0,4bbl,3.3297512437810943,3.255422885572139,9.4,101,6000.0,17.0,23.0,11845.0,13.823529411764707,10.217391304347826,0.8121095627102355,0.9125000000000001,0.8294314381270904,Low,0,1,1,0
3,150,mazda,gas,std,two,hatchback,rwd,front,95.3,169.0,65.7,49.6,2385.0,rotor,two,70.0,4bbl,3.3297512437810943,3.255422885572139,9.4,101,6000.0,17.0,23.0,13645.0,13.823529411764707,10.217391304347826,0.8121095627102355,0.9125000000000001,0.8294314381270904,Low,0,1,1,0
3,150,mazda,gas,std,two,hatchback,rwd,front,95.3,169.0,65.7,49.6,2500.0,rotor,two,80.0,mpfi,3.3297512437810943,3.255422885572139,9.4,135,6000.0,16.0,23.0,15645.0,14.6875,10.217391304347826,0.8121095627102355,0.9125000000000001,0.8294314381270904,Medium,0,1,1,0
1,129,mazda,gas,std,two,hatchback,fwd,front,98.8,177.8,66.5,53.7,2385.0,ohc,four,122.0,2bbl,3.39,3.39,8.6,84,4800.0,26.0,32.0,8845.0,9.038461538461538,7.34375,0.8543969245555022,0.9236111111111112,0.8979933110367894,Low,0,1,1,0
0,115,mazda,gas,std,four,sedan,fwd,front,98.8,177.8,66.5,55.5,2410.0,ohc,four,122.0,2bbl,3.39,3.39,8.6,84,4800.0,26.0,32.0,8495.0,9.038461538461538,7.34375,0.8543969245555022,0.9236111111111112,0.9280936454849499,Low,0,1,1,0
1,129,mazda,gas,std,two,hatchback,fwd,front,98.8,177.8,66.5,53.7,2385.0,ohc,four,122.0,2bbl,3.39,3.39,8.6,84,4800.0,26.0,32.0,10595.0,9.038461538461538,7.34375,0.8543969245555022,0.9236111111111112,0.8979933110367894,Low,0,1,1,0
0,115,mazda,gas,std,four,sedan,fwd,front,98.8,177.8,66.5,55.5,2410.0,ohc,four,122.0,2bbl,3.39,3.39,8.6,84,4800.0,26.0,32.0,10245.0,9.038461538461538,7.34375,0.8543969245555022,0.9236111111111112,0.9280936454849499,Low,0,1,1,0
0,122,mazda,diesel,std,four,sedan,fwd,front,98.8,177.8,66.5,55.5,2443.0,ohc,four,122.0,idi,3.39,3.39,22.7,64,4650.0,36.0,42.0,10795.0,6.527777777777778,5.595238095238095,0.8543969245555022,0.9236111111111112,0.9280936454849499,Low,1,0,1,0
0,115,mazda,gas,std,four,hatchback,fwd,front,98.8,177.8,66.5,55.5,2425.0,ohc,four,122.0,2bbl,3.39,3.39,8.6,84,4800.0,26.0,32.0,11245.0,9.038461538461538,7.34375,0.8543969245555022,0.9236111111111112,0.9280936454849499,Low,0,1,1,0
0,118,mazda,gas,std,four,sedan,rwd,front,104.9,175.0,66.1,54.4,2670.0,ohc,four,140.0,mpfi,3.76,3.16,8.0,120,5000.0,19.0,27.0,18280.0,12.368421052631579,8.703703703703704,0.8409418548774628,0.9180555555555555,0.9096989966555185,Medium,0,1,1,0
0,122,mazda,diesel,std,four,sedan,rwd,front,104.9,175.0,66.1,54.4,2700.0,ohc,four,134.0,idi,3.43,3.64,22.0,72,4200.0,31.0,39.0,18344.0,7.580645161290323,6.0256410256410255,0.8409418548774628,0.9180555555555555,0.9096989966555185,Low,1,0,1,0
-1,93,mercedes-benz,diesel,turbo,four,sedan,rwd,front,110.0,190.9,70.3,56.5,3515.0,ohc,five,183.0,idi,3.58,3.64,21.5,123,4350.0,22.0,25.0,25552.0,10.681818181818182,9.4,0.9173474291206152,0.9763888888888889,0.9448160535117057,Medium,1,0,0,1
-1,93,mercedes-benz,diesel,turbo,four,wagon,rwd,front,110.0,190.9,70.3,58.7,3750.0,ohc,five,183.0,idi,3.58,3.64,21.5,123,4350.0,22.0,25.0,28248.0,10.681818181818182,9.4,0.9173474291206152,0.9763888888888889,0.9816053511705687,Medium,1,0,0,1
0,93,mercedes-benz,diesel,turbo,two,hardtop,rwd,front,106.7,187.5,70.3,54.9,3495.0,ohc,five,183.0,idi,3.58,3.64,21.5,123,4350.0,22.0,25.0,28176.0,10.681818181818182,9.4,0.9010091302258529,0.9763888888888889,0.9180602006688964,Medium,1,0,0,1
-1,93,mercedes-benz,diesel,turbo,four,sedan,rwd,front,115.6,202.6,71.7,56.3,3770.0,ohc,five,183.0,idi,3.58,3.64,21.5,123,4350.0,22.0,25.0,31600.0,10.681818181818182,9.4,0.9735703988467083,0.9958333333333333,0.9414715719063546,Medium,1,0,0,1
-1,122,mercedes-benz,gas,std,four,sedan,rwd,front,115.6,202.6,71.7,56.5,3740.0,ohcv,eight,234.0,mpfi,3.46,3.1,8.3,155,4750.0,16.0,18.0,34184.0,14.6875,13.055555555555555,0.9735703988467083,0.9958333333333333,0.9448160535117057,Medium,0,1,1,0
3,142,mercedes-benz,gas,std,two,convertible,rwd,front,96.6,180.3,70.5,50.8,3685.0,ohcv,eight,234.0,mpfi,3.46,3.1,8.3,155,4750.0,16.0,18.0,35056.0,14.6875,13.055555555555555,0.8664103796251803,0.9791666666666666,0.8494983277591973,Medium,0,1,1,0
0,122,mercedes-benz,gas,std,four,sedan,rwd,front,120.9,208.1,71.7,56.7,3900.0,ohcv,eight,308.0,mpfi,3.8,3.35,8.0,184,4500.0,14.0,16.0,40960.0,16.785714285714285,14.6875,1.0,0.9958333333333333,0.948160535117057,Medium,0,1,1,0
1,122,mercedes-benz,gas,std,two,hardtop,rwd,front,112.0,199.2,72.0,55.4,3715.0,ohcv,eight,304.0,mpfi,3.8,3.35,8.0,184,4500.0,14.0,16.0,45400.0,16.785714285714285,14.6875,0.9572320999519461,1.0,0.9264214046822743,Medium,0,1,1,0
1,122,mercury,gas,turbo,two,hatchback,rwd,front,102.7,178.4,68.0,54.8,2910.0,ohc,four,140.0,mpfi,3.78,3.12,8.0,175,5000.0,19.0,24.0,16503.0,12.368421052631579,9.791666666666666,0.857280153772225,0.9444444444444444,0.9163879598662207,Medium,0,1,0,1
2,161,mitsubishi,gas,std,two,hatchback,fwd,front,93.7,157.3,64.4,50.8,1918.0,ohc,four,92.0,2bbl,2.97,3.23,9.4,68,5500.0,37.0,41.0,5389.0,6.351351351351352,5.7317073170731705,0.7558865929841423,0.8944444444444445,0.8494983277591973,Low,0,1,1,0
2,161,mitsubishi,gas,std,two,hatchback,fwd,front,93.7,157.3,64.4,50.8,1944.0,ohc,four,92.0,2bbl,2.97,3.23,9.4,68,5500.0,31.0,38.0,6189.0,7.580645161290323,6.184210526315789,0.7558865929841423,0.8944444444444445,0.8494983277591973,Low,0,1,1,0
2,161,mitsubishi,gas,std,two,hatchback,fwd,front,93.7,157.3,64.4,50.8,2004.0,ohc,four,92.0,2bbl,2.97,3.23,9.4,68,5500.0,31.0,38.0,6669.0,7.580645161290323,6.184210526315789,0.7558865929841423,0.8944444444444445,0.8494983277591973,Low,0,1,1,0
1,161,mitsubishi,gas,turbo,two,hatchback,fwd,front,93.0,157.3,63.8,50.8,2145.0,ohc,four,98.0,spdi,3.03,3.39,7.6,102,5500.0,24.0,30.0,7689.0,9.791666666666666,7.833333333333333,0.7558865929841423,0.8861111111111111,0.8494983277591973,Low,0,1,0,1
3,153,mitsubishi,gas,turbo,two,hatchback,fwd,front,96.3,173.0,65.4,49.4,2370.0,ohc,four,110.0,spdi,3.17,3.46,7.5,116,5500.0,23.0,30.0,9959.0,10.217391304347826,7.833333333333333,0.8313310908217203,0.9083333333333334,0.8260869565217391,Low,0,1,0,1
3,153,mitsubishi,gas,std,two,hatchback,fwd,front,96.3,173.0,65.4,49.4,2328.0,ohc,four,122.0,2bbl,3.35,3.46,8.5,88,5000.0,25.0,32.0,8499.0,9.4,7.34375,0.8313310908217203,0.9083333333333334,0.8260869565217391,Low,0,1,1,0
3,122,mitsubishi,gas,turbo,two,hatchback,fwd,front,95.9,173.2,66.3,50.2,2833.0,ohc,four,156.0,spdi,3.58,3.86,7.0,145,5000.0,19.0,24.0,12629.0,12.368421052631579,9.791666666666666,0.8322921672272945,0.9208333333333333,0.8394648829431439,Medium,0,1,0,1
3,122,mitsubishi,gas,turbo,two,hatchback,fwd,front,95.9,173.2,66.3,50.2,2921.0,ohc,four,156.0,spdi,3.59,3.86,7.0,145,5000.0,19.0,24.0,14869.0,12.368421052631579,9.791666666666666,0.8322921672272945,0.9208333333333333,0.8394648829431439,Medium,0,1,0,1
3,122,mitsubishi,gas,turbo,two,hatchback,fwd,front,95.9,173.2,66.3,50.2,2926.0,ohc,four,156.0,spdi,3.59,3.86,7.0,145,5000.0,19.0,24.0,14489.0,12.368421052631579,9.791666666666666,0.8322921672272945,0.9208333333333333,0.8394648829431439,Medium,0,1,0,1
1,125,mitsubishi,gas,std,four,sedan,fwd,front,96.3,172.4,65.4,51.6,2365.0,ohc,four,122.0,2bbl,3.35,3.46,8.5,88,5000.0,25.0,32.0,6989.0,9.4,7.34375,0.8284478616049976,0.9083333333333334,0.8628762541806021,Low,0,1,1,0
1,125,mitsubishi,gas,std,four,sedan,fwd,front,96.3,172.4,65.4,51.6,2405.0,ohc,four,122.0,2bbl,3.35,3.46,8.5,88,5000.0,25.0,32.0,8189.0,9.4,7.34375,0.8284478616049976,0.9083333333333334,0.8628762541806021,Low,0,1,1,0
1,125,mitsubishi,gas,turbo,four,sedan,fwd,front,96.3,172.4,65.4,51.6,2403.0,ohc,four,110.0,spdi,3.17,3.46,7.5,116,5500.0,23.0,30.0,9279.0,10.217391304347826,7.833333333333333,0.8284478616049976,0.9083333333333334,0.8628762541806021,Low,0,1,0,1
-1,137,mitsubishi,gas,std,four,sedan,fwd,front,96.3,172.4,65.4,51.6,2403.0,ohc,four,110.0,spdi,3.17,3.46,7.5,116,5500.0,23.0,30.0,9279.0,10.217391304347826,7.833333333333333,0.8284478616049976,0.9083333333333334,0.8628762541806021,Low,0,1,1,0
1,128,nissan,gas,std,two,sedan,fwd,front,94.5,165.3,63.8,54.5,1889.0,ohc,four,97.0,2bbl,3.15,3.29,9.4,69,5200.0,31.0,37.0,5499.0,7.580645161290323,6.351351351351352,0.794329649207112,0.8861111111111111,0.911371237458194,Low,0,1,1,0
1,128,nissan,diesel,std,two,sedan,fwd,front,94.5,165.3,63.8,54.5,2017.0,ohc,four,103.0,idi,2.99,3.47,21.9,55,4800.0,45.0,50.0,7099.0,5.222222222222222,4.7,0.794329649207112,0.8861111111111111,0.911371237458194,Low,1,0,1,0
1,128,nissan,gas,std,two,sedan,fwd,front,94.5,165.3,63.8,54.5,1918.0,ohc,four,97.0,2bbl,3.15,3.29,9.4,69,5200.0,31.0,37.0,6649.0,7.580645161290323,6.351351351351352,0.794329649207112,0.8861111111111111,0.911371237458194,Low,0,1,1,0
1,122,nissan,gas,std,four,sedan,fwd,front,94.5,165.3,63.8,54.5,1938.0,ohc,four,97.0,2bbl,3.15,3.29,9.4,69,5200.0,31.0,37.0,6849.0,7.580645161290323,6.351351351351352,0.794329649207112,0.8861111111111111,0.911371237458194,Low,0,1,1,0
1,103,nissan,gas,std,four,wagon,fwd,front,94.5,170.2,63.8,53.5,2024.0,ohc,four,97.0,2bbl,3.15,3.29,9.4,69,5200.0,31.0,37.0,7349.0,7.580645161290323,6.351351351351352,0.8178760211436809,0.8861111111111111,0.8946488294314382,Low,0,1,1,0
1,128,nissan,gas,std,two,sedan,fwd,front,94.5,165.3,63.8,54.5,1951.0,ohc,four,97.0,2bbl,3.15,3.29,9.4,69,5200.0,31.0,37.0,7299.0,7.580645161290323,6.351351351351352,0.794329649207112,0.8861111111111111,0.911371237458194,Low,0,1,1,0
1,128,nissan,gas,std,two,hatchback,fwd,front,94.5,165.6,63.8,53.3,2028.0,ohc,four,97.0,2bbl,3.15,3.29,9.4,69,5200.0,31.0,37.0,7799.0,7.580645161290323,6.351351351351352,0.7957712638154734,0.8861111111111111,0.8913043478260869,Low,0,1,1,0
1,122,nissan,gas,std,four,sedan,fwd,front,94.5,165.3,63.8,54.5,1971.0,ohc,four,97.0,2bbl,3.15,3.29,9.4,69,5200.0,31.0,37.0,7499.0,7.580645161290323,6.351351351351352,0.794329649207112,0.8861111111111111,0.911371237458194,Low,0,1,1,0
1,103,nissan,gas,std,four,wagon,fwd,front,94.5,170.2,63.8,53.5,2037.0,ohc,four,97.0,2bbl,3.15,3.29,9.4,69,5200.0,31.0,37.0,7999.0,7.580645161290323,6.351351351351352,0.8178760211436809,0.8861111111111111,0.8946488294314382,Low,0,1,1,0
2,168,nissan,gas,std,two,hardtop,fwd,front,95.1,162.4,63.8,53.3,2008.0,ohc,four,97.0,2bbl,3.15,3.29,9.4,69,5200.0,31.0,37.0,8249.0,7.580645161290323,6.351351351351352,0.7803940413262855,0.8861111111111111,0.8913043478260869,Low,0,1,1,0
0,106,nissan,gas,std,four,hatchback,fwd,front,97.2,173.4,65.2,54.7,2324.0,ohc,four,120.0,2bbl,3.33,3.47,8.5,97,5200.0,27.0,34.0,8949.0,8.703703703703704,6.911764705882353,0.8332532436328689,0.9055555555555556,0.9147157190635452,Low,0,1,1,0
0,106,nissan,gas,std,four,sedan,fwd,front,97.2,173.4,65.2,54.7,2302.0,ohc,four,120.0,2bbl,3.33,3.47,8.5,97,5200.0,27.0,34.0,9549.0,8.703703703703704,6.911764705882353,0.8332532436328689,0.9055555555555556,0.9147157190635452,Low,0,1,1,0
0,128,nissan,gas,std,four,sedan,fwd,front,100.4,181.7,66.5,55.1,3095.0,ohcv,six,181.0,mpfi,3.43,3.27,9.0,152,5200.0,17.0,22.0,13499.0,13.823529411764707,10.681818181818182,0.8731379144641999,0.9236111111111112,0.9214046822742475,Medium,0,1,1,0
0,108,nissan,gas,std,four,wagon,fwd,front,100.4,184.6,66.5,56.1,3296.0,ohcv,six,181.0,mpfi,3.43,3.27,9.0,152,5200.0,17.0,22.0,14399.0,13.823529411764707,10.681818181818182,0.8870735223450265,0.9236111111111112,0.9381270903010034,Medium,0,1,1,0
0,108,nissan,gas,std,four,sedan,fwd,front,100.4,184.6,66.5,55.1,3060.0,ohcv,six,181.0,mpfi,3.43,3.27,9.0,152,5200.0,19.0,25.0,13499.0,12.368421052631579,9.4,0.8870735223450265,0.9236111111111112,0.9214046822742475,Medium,0,1,1,0
3,194,nissan,gas,std,two,hatchback,rwd,front,91.3,170.7,67.9,49.7,3071.0,ohcv,six,181.0,mpfi,3.43,3.27,9.0,160,5200.0,19.0,25.0,17199.0,12.368421052631579,9.4,0.8202787121576165,0.9430555555555556,0.831103678929766,Medium,0,1,1,0
3,194,nissan,gas,turbo,two,hatchback,rwd,front,91.3,170.7,67.9,49.7,3139.0,ohcv,six,181.0,mpfi,3.43,3.27,7.8,200,5200.0,17.0,23.0,19699.0,13.823529411764707,10.217391304347826,0.8202787121576165,0.9430555555555556,0.831103678929766,High,0,1,0,1
1,231,nissan,gas,std,two,hatchback,rwd,front,99.2,178.5,67.9,49.7,3139.0,ohcv,six,181.0,mpfi,3.43,3.27,9.0,160,5200.0,19.0,25.0,18399.0,12.368421052631579,9.4,0.857760691975012,0.9430555555555556,0.831103678929766,Medium,0,1,1,0
0,161,peugot,gas,std,four,sedan,rwd,front,107.9,186.7,68.4,56.7,3020.0,l,four,120.0,mpfi,3.46,3.19,8.4,97,5000.0,19.0,24.0,11900.0,12.368421052631579,9.791666666666666,0.897164824603556,0.9500000000000001,0.948160535117057,Low,0,1,1,0
0,161,peugot,diesel,turbo,four,sedan,rwd,front,107.9,186.7,68.4,56.7,3197.0,l,four,152.0,idi,3.7,3.52,21.0,95,4150.0,28.0,33.0,13200.0,8.392857142857142,7.121212121212121,0.897164824603556,0.9500000000000001,0.948160535117057,Low,1,0,0,1
0,122,peugot,gas,std,four,wagon,rwd,front,114.2,198.9,68.4,58.7,3230.0,l,four,120.0,mpfi,3.46,3.19,8.4,97,5000.0,19.0,24.0,12440.0,12.368421052631579,9.791666666666666,0.9557904853435849,0.9500000000000001,0.9816053511705687,Low,0,1,1,0
0,122,peugot,diesel,turbo,four,wagon,rwd,front,114.2,198.9,68.4,58.7,3430.0,l,four,152.0,idi,3.7,3.52,21.0,95,4150.0,25.0,25.0,13860.0,9.4,9.4,0.9557904853435849,0.9500000000000001,0.9816053511705687,Low,1,0,0,1
0,161,peugot,gas,std,four,sedan,rwd,front,107.9,186.7,68.4,56.7,3075.0,l,four,120.0,mpfi,3.46,2.19,8.4,95,5000.0,19.0,24.0,15580.0,12.368421052631579,9.791666666666666,0.897164824603556,0.9500000000000001,0.948160535117057,Low,0,1,1,0
0,161,peugot,diesel,turbo,four,sedan,rwd,front,107.9,186.7,68.4,56.7,3252.0,l,four,152.0,idi,3.7,3.52,21.0,95,4150.0,28.0,33.0,16900.0,8.392857142857142,7.121212121212121,0.897164824603556,0.9500000000000001,0.948160535117057,Low,1,0,0,1
0,122,peugot,gas,std,four,wagon,rwd,front,114.2,198.9,68.4,56.7,3285.0,l,four,120.0,mpfi,3.46,2.19,8.4,95,5000.0,19.0,24.0,16695.0,12.368421052631579,9.791666666666666,0.9557904853435849,0.9500000000000001,0.948160535117057,Low,0,1,1,0
0,122,peugot,diesel,turbo,four,wagon,rwd,front,114.2,198.9,68.4,58.7,3485.0,l,four,152.0,idi,3.7,3.52,21.0,95,4150.0,25.0,25.0,17075.0,9.4,9.4,0.9557904853435849,0.9500000000000001,0.9816053511705687,Low,1,0,0,1
0,161,peugot,gas,std,four,sedan,rwd,front,107.9,186.7,68.4,56.7,3075.0,l,four,120.0,mpfi,3.46,3.19,8.4,97,5000.0,19.0,24.0,16630.0,12.368421052631579,9.791666666666666,0.897164824603556,0.9500000000000001,0.948160535117057,Low,0,1,1,0
0,161,peugot,diesel,turbo,four,sedan,rwd,front,107.9,186.7,68.4,56.7,3252.0,l,four,152.0,idi,3.7,3.52,21.0,95,4150.0,28.0,33.0,17950.0,8.392857142857142,7.121212121212121,0.897164824603556,0.9500000000000001,0.948160535117057,Low,1,0,0,1
0,161,peugot,gas,turbo,four,sedan,rwd,front,108.0,186.7,68.3,56.0,3130.0,l,four,134.0,mpfi,3.61,3.21,7.0,142,5600.0,18.0,24.0,18150.0,13.055555555555555,9.791666666666666,0.897164824603556,0.9486111111111111,0.9364548494983278,Medium,0,1,0,1
1,119,plymouth,gas,std,two,hatchback,fwd,front,93.7,157.3,63.8,50.8,1918.0,ohc,four,90.0,2bbl,2.97,3.23,9.4,68,5500.0,37.0,41.0,5572.0,6.351351351351352,5.7317073170731705,0.7558865929841423,0.8861111111111111,0.8494983277591973,Low,0,1,1,0
1,119,plymouth,gas,turbo,two,hatchback,fwd,front,93.7,157.3,63.8,50.8,2128.0,ohc,four,98.0,spdi,3.03,3.39,7.6,102,5500.0,24.0,30.0,7957.0,9.791666666666666,7.833333333333333,0.7558865929841423,0.8861111111111111,0.8494983277591973,Low,0,1,0,1
1,154,plymouth,gas,std,four,hatchback,fwd,front,93.7,157.3,63.8,50.6,1967.0,ohc,four,90.0,2bbl,2.97,3.23,9.4,68,5500.0,31.0,38.0,6229.0,7.580645161290323,6.184210526315789,0.7558865929841423,0.8861111111111111,0.8461538461538463,Low,0,1,1,0
1,154,plymouth,gas,std,four,sedan,fwd,front,93.7,167.3,63.8,50.8,1989.0,ohc,four,90.0,2bbl,2.97,3.23,9.4,68,5500.0,31.0,38.0,6692.0,7.580645161290323,6.184210526315789,0.8039404132628545,0.8861111111111111,0.8494983277591973,Low,0,1,1,0
1,154,plymouth,gas,std,four,sedan,fwd,front,93.7,167.3,63.8,50.8,2191.0,ohc,four,98.0,2bbl,2.97,3.23,9.4,68,5500.0,31.0,38.0,7609.0,7.580645161290323,6.184210526315789,0.8039404132628545,0.8861111111111111,0.8494983277591973,Low,0,1,1,0
-1,74,plymouth,gas,std,four,wagon,fwd,front,103.3,174.6,64.6,59.8,2535.0,ohc,four,122.0,2bbl,3.35,3.46,8.5,88,5000.0,24.0,30.0,8921.0,9.791666666666666,7.833333333333333,0.8390197020663143,0.8972222222222221,1.0,Low,0,1,1,0
3,122,plymouth,gas,turbo,two,hatchback,rwd,front,95.9,173.2,66.3,50.2,2818.0,ohc,four,156.0,spdi,3.59,3.86,7.0,145,5000.0,19.0,24.0,12764.0,12.368421052631579,9.791666666666666,0.8322921672272945,0.9208333333333333,0.8394648829431439,Medium,0,1,0,1
3,186,porsche,gas,std,two,hatchback,rwd,front,94.5,168.9,68.3,50.2,2778.0,ohc,four,151.0,mpfi,3.94,3.11,9.5,143,5500.0,19.0,27.0,22018.0,12.368421052631579,8.703703703703704,0.8116290245074483,0.9486111111111111,0.8394648829431439,Medium,0,1,1,0
3,122,porsche,gas,std,two,hardtop,rwd,rear,89.5,168.9,65.0,51.6,2756.0,ohcf,six,194.0,mpfi,3.74,2.9,9.5,207,5900.0,17.0,25.0,32528.0,13.823529411764707,9.4,0.8116290245074483,0.9027777777777778,0.8628762541806021,High,0,1,1,0
3,122,porsche,gas,std,two,hardtop,rwd,rear,89.5,168.9,65.0,51.6,2756.0,ohcf,six,194.0,mpfi,3.74,2.9,9.5,207,5900.0,17.0,25.0,34028.0,13.823529411764707,9.4,0.8116290245074483,0.9027777777777778,0.8628762541806021,High,0,1,1,0
3,122,porsche,gas,std,two,convertible,rwd,rear,89.5,168.9,65.0,51.6,2800.0,ohcf,six,194.0,mpfi,3.74,2.9,9.5,207,5900.0,17.0,25.0,37028.0,13.823529411764707,9.4,0.8116290245074483,0.9027777777777778,0.8628762541806021,High,0,1,1,0
0,122,renault,gas,std,four,wagon,fwd,front,96.1,181.5,66.5,55.2,2579.0,ohc,four,132.0,mpfi,3.46,3.9,8.7,104,5125.369458128079,23.0,31.0,9295.0,10.217391304347826,7.580645161290323,0.8721768380586257,0.9236111111111112,0.9230769230769231,Low,0,1,1,0
2,122,renault,gas,std,two,hatchback,fwd,front,96.1,176.8,66.6,50.5,2460.0,ohc,four,132.0,mpfi,3.46,3.9,8.7,104,5125.369458128079,23.0,31.0,9895.0,10.217391304347826,7.580645161290323,0.849591542527631,0.9249999999999999,0.8444816053511706,Low,0,1,1,0
3,150,saab,gas,std,two,hatchback,fwd,front,99.1,186.6,66.5,56.1,2658.0,ohc,four,121.0,mpfi,3.54,3.07,9.31,110,5250.0,21.0,28.0,11850.0,11.19047619047619,8.392857142857142,0.8966842864007688,0.9236111111111112,0.9381270903010034,Low,0,1,1,0
2,104,saab,gas,std,four,sedan,fwd,front,99.1,186.6,66.5,56.1,2695.0,ohc,four,121.0,mpfi,3.54,3.07,9.3,110,5250.0,21.0,28.0,12170.0,11.19047619047619,8.392857142857142,0.8966842864007688,0.9236111111111112,0.9381270903010034,Low,0,1,1,0
3,150,saab,gas,std,two,hatchback,fwd,front,99.1,186.6,66.5,56.1,2707.0,ohc,four,121.0,mpfi,2.54,2.07,9.3,110,5250.0,21.0,28.0,15040.0,11.19047619047619,8.392857142857142,0.8966842864007688,0.9236111111111112,0.9381270903010034,Low,0,1,1,0
2,104,saab,gas,std,four,sedan,fwd,front,99.1,186.6,66.5,56.1,2758.0,ohc,four,121.0,mpfi,3.54,3.07,9.3,110,5250.0,21.0,28.0,15510.0,11.19047619047619,8.392857142857142,0.8966842864007688,0.9236111111111112,0.9381270903010034,Low,0,1,1,0
3,150,saab,gas,turbo,two,hatchback,fwd,front,99.1,186.6,66.5,56.1,2808.0,dohc,four,121.0,mpfi,3.54,3.07,9.0,160,5500.0,19.0,26.0,18150.0,12.368421052631579,9.038461538461538,0.8966842864007688,0.9236111111111112,0.9381270903010034,Medium,0,1,0,1
2,104,saab,gas,turbo,four,sedan,fwd,front,99.1,186.6,66.5,56.1,2847.0,dohc,four,121.0,mpfi,3.54,3.07,9.0,160,5500.0,19.0,26.0,18620.0,12.368421052631579,9.038461538461538,0.8966842864007688,0.9236111111111112,0.9381270903010034,Medium,0,1,0,1
2,83,subaru,gas,std,two,hatchback,fwd,front,93.7,156.9,63.4,53.7,2050.0,ohcf,four,97.0,2bbl,3.62,2.36,9.0,69,4900.0,31.0,36.0,5118.0,7.580645161290323,6.527777777777778,0.7539644401729938,0.8805555555555555,0.8979933110367894,Low,0,1,1,0
2,83,subaru,gas,std,two,hatchback,fwd,front,93.7,157.9,63.6,53.7,2120.0,ohcf,four,108.0,2bbl,3.62,2.64,8.7,73,4400.0,26.0,31.0,7053.0,9.038461538461538,7.580645161290323,0.758769822200865,0.8833333333333333,0.8979933110367894,Low,0,1,1,0
2,83,subaru,gas,std,two,hatchback,4wd,front,93.3,157.3,63.8,55.7,2240.0,ohcf,four,108.0,2bbl,3.62,2.64,8.7,73,4400.0,26.0,31.0,7603.0,9.038461538461538,7.580645161290323,0.7558865929841423,0.8861111111111111,0.931438127090301,Low,0,1,1,0
0,102,subaru,gas,std,four,sedan,fwd,front,97.2,172.0,65.4,52.5,2145.0,ohcf,four,108.0,2bbl,3.62,2.64,9.5,82,4800.0,32.0,37.0,7126.0,7.34375,6.351351351351352,0.8265257087938491,0.9083333333333334,0.8779264214046824,Low,0,1,1,0
0,102,subaru,gas,std,four,sedan,fwd,front,97.2,172.0,65.4,52.5,2190.0,ohcf,four,108.0,2bbl,3.62,2.64,9.5,82,4400.0,28.0,33.0,7775.0,8.392857142857142,7.121212121212121,0.8265257087938491,0.9083333333333334,0.8779264214046824,Low,0,1,1,0
0,102,subaru,gas,std,four,sedan,fwd,front,97.2,172.0,65.4,52.5,2340.0,ohcf,four,108.0,mpfi,3.62,2.64,9.0,94,5200.0,26.0,32.0,9960.0,9.038461538461538,7.34375,0.8265257087938491,0.9083333333333334,0.8779264214046824,Low,0,1,1,0
0,102,subaru,gas,std,four,sedan,4wd,front,97.0,172.0,65.4,54.3,2385.0,ohcf,four,108.0,2bbl,3.62,2.64,9.0,82,4800.0,24.0,25.0,9233.0,9.791666666666666,9.4,0.8265257087938491,0.9083333333333334,0.9080267558528428,Low,0,1,1,0
0,102,subaru,gas,turbo,four,sedan,4wd,front,97.0,172.0,65.4,54.3,2510.0,ohcf,four,108.0,mpfi,3.62,2.64,7.7,111,4800.0,24.0,29.0,11259.0,9.791666666666666,8.10344827586207,0.8265257087938491,0.9083333333333334,0.9080267558528428,Low,0,1,0,1
0,89,subaru,gas,std,four,wagon,fwd,front,97.0,173.5,65.4,53.0,2290.0,ohcf,four,108.0,2bbl,3.62,2.64,9.0,82,4800.0,28.0,32.0,7463.0,8.392857142857142,7.34375,0.8337337818356559,0.9083333333333334,0.8862876254180603,Low,0,1,1,0
0,89,subaru,gas,std,four,wagon,fwd,front,97.0,173.5,65.4,53.0,2455.0,ohcf,four,108.0,mpfi,3.62,2.64,9.0,94,5200.0,25.0,31.0,10198.0,9.4,7.580645161290323,0.8337337818356559,0.9083333333333334,0.8862876254180603,Low,0,1,1,0
0,85,subaru,gas,std,four,wagon,4wd,front,96.9,173.6,65.4,54.9,2420.0,ohcf,four,108.0,2bbl,3.62,2.64,9.0,82,4800.0,23.0,29.0,8013.0,10.217391304347826,8.10344827586207,0.8342143200384431,0.9083333333333334,0.9180602006688964,Low,0,1,1,0
0,85,subaru,gas,turbo,four,wagon,4wd,front,96.9,173.6,65.4,54.9,2650.0,ohcf,four,108.0,mpfi,3.62,2.64,7.7,111,4800.0,23.0,23.0,11694.0,10.217391304347826,10.217391304347826,0.8342143200384431,0.9083333333333334,0.9180602006688964,Low,0,1,0,1
1,87,toyota,gas,std,two,hatchback,fwd,front,95.7,158.7,63.6,54.5,1985.0,ohc,four,92.0,2bbl,3.05,3.03,9.0,62,4800.0,35.0,39.0,5348.0,6.714285714285714,6.0256410256410255,0.762614127823162,0.8833333333333333,0.911371237458194,Low,0,1,1,0
1,87,toyota,gas,std,two,hatchback,fwd,front,95.7,158.7,63.6,54.5,2040.0,ohc,four,92.0,2bbl,3.05,3.03,9.0,62,4800.0,31.0,38.0,6338.0,7.580645161290323,6.184210526315789,0.762614127823162,0.8833333333333333,0.911371237458194,Low,0,1,1,0
1,74,toyota,gas,std,four,hatchback,fwd,front,95.7,158.7,63.6,54.5,2015.0,ohc,four,92.0,2bbl,3.05,3.03,9.0,62,4800.0,31.0,38.0,6488.0,7.580645161290323,6.184210526315789,0.762614127823162,0.8833333333333333,0.911371237458194,Low,0,1,1,0
0,77,toyota,gas,std,four,wagon,fwd,front,95.7,169.7,63.6,59.1,2280.0,ohc,four,92.0,2bbl,3.05,3.03,9.0,62,4800.0,31.0,37.0,6918.0,7.580645161290323,6.351351351351352,0.8154733301297453,0.8833333333333333,0.988294314381271,Low,0,1,1,0
0,81,toyota,gas,std,four,wagon,4wd,front,95.7,169.7,63.6,59.1,2290.0,ohc,four,92.0,2bbl,3.05,3.03,9.0,62,4800.0,27.0,32.0,7898.0,8.703703703703704,7.34375,0.8154733301297453,0.8833333333333333,0.988294314381271,Low,0,1,1,0
0,91,toyota,gas,std,four,wagon,4wd,front,95.7,169.7,63.6,59.1,3110.0,ohc,four,92.0,2bbl,3.05,3.03,9.0,62,4800.0,27.0,32.0,8778.0,8.703703703703704,7.34375,0.8154733301297453,0.8833333333333333,0.988294314381271,Low,0,1,1,0
0,91,toyota,gas,std,four,sedan,fwd,front,95.7,166.3,64.4,53.0,2081.0,ohc,four,98.0,2bbl,3.19,3.03,9.0,70,4800.0,30.0,37.0,6938.0,7.833333333333333,6.351351351351352,0.7991350312349833,0.8944444444444445,0.8862876254180603,Low,0,1,1,0
0,91,toyota,gas,std,four,hatchback,fwd,front,95.7,166.3,64.4,52.8,2109.0,ohc,four,98.0,2bbl,3.19,3.03,9.0,70,4800.0,30.0,37.0,7198.0,7.833333333333333,6.351351351351352,0.7991350312349833,0.8944444444444445,0.882943143812709,Low,0,1,1,0
0,91,toyota,diesel,std,four,sedan,fwd,front,95.7,166.3,64.4,53.0,2275.0,ohc,four,110.0,idi,3.27,3.35,22.5,56,4500.0,34.0,36.0,7898.0,6.911764705882353,6.527777777777778,0.7991350312349833,0.8944444444444445,0.8862876254180603,Low,1,0,1,0
0,91,toyota,diesel,std,four,hatchback,fwd,front,95.7,166.3,64.4,52.8,2275.0,ohc,four,110.0,idi,3.27,3.35,22.5,56,4500.0,38.0,47.0,7788.0,6.184210526315789,5.0,0.7991350312349833,0.8944444444444445,0.882943143812709,Low,1,0,1,0
0,91,toyota,gas,std,four,sedan,fwd,front,95.7,166.3,64.4,53.0,2094.0,ohc,four,98.0,2bbl,3.19,3.03,9.0,70,4800.0,38.0,47.0,7738.0,6.184210526315789,5.0,0.7991350312349833,0.8944444444444445,0.8862876254180603,Low,0,1,1,0
0,91,toyota,gas,std,four,hatchback,fwd,front,95.7,166.3,64.4,52.8,2122.0,ohc,four,98.0,2bbl,3.19,3.03,9.0,70,4800.0,28.0,34.0,8358.0,8.392857142857142,6.911764705882353,0.7991350312349833,0.8944444444444445,0.882943143812709,Low,0,1,1,0
0,91,toyota,gas,std,four,sedan,fwd,front,95.7,166.3,64.4,52.8,2140.0,ohc,four,98.0,2bbl,3.19,3.03,9.0,70,4800.0,28.0,34.0,9258.0,8.392857142857142,6.911764705882353,0.7991350312349833,0.8944444444444445,0.882943143812709,Low,0,1,1,0
1,168,toyota,gas,std,two,sedan,rwd,front,94.5,168.7,64.0,52.6,2169.0,ohc,four,98.0,2bbl,3.19,3.03,9.0,70,4800.0,29.0,34.0,8058.0,8.10344827586207,6.911764705882353,0.810667948101874,0.8888888888888888,0.8795986622073579,Low,0,1,1,0
1,168,toyota,gas,std,two,hatchback,rwd,front,94.5,168.7,64.0,52.6,2204.0,ohc,four,98.0,2bbl,3.19,3.03,9.0,70,4800.0,29.0,34.0,8238.0,8.10344827586207,6.911764705882353,0.810667948101874,0.8888888888888888,0.8795986622073579,Low,0,1,1,0
1,168,toyota,gas,std,two,sedan,rwd,front,94.5,168.7,64.0,52.6,2265.0,dohc,four,98.0,mpfi,3.24,3.08,9.4,112,6600.0,26.0,29.0,9298.0,9.038461538461538,8.10344827586207,0.810667948101874,0.8888888888888888,0.8795986622073579,Low,0,1,1,0
1,168,toyota,gas,std,two,hatchback,rwd,front,94.5,168.7,64.0,52.6,2300.0,dohc,four,98.0,mpfi,3.24,3.08,9.4,112,6600.0,26.0,29.0,9538.0,9.038461538461538,8.10344827586207,0.810667948101874,0.8888888888888888,0.8795986622073579,Low,0,1,1,0
2,134,toyota,gas,std,two,hardtop,rwd,front,98.4,176.2,65.6,52.0,2540.0,ohc,four,146.0,mpfi,3.62,3.5,9.3,116,4800.0,24.0,30.0,8449.0,9.791666666666666,7.833333333333333,0.8467083133109082,0.911111111111111,0.8695652173913044,Low,0,1,1,0
2,134,toyota,gas,std,two,hardtop,rwd,front,98.4,176.2,65.6,52.0,2536.0,ohc,four,146.0,mpfi,3.62,3.5,9.3,116,4800.0,24.0,30.0,9639.0,9.791666666666666,7.833333333333333,0.8467083133109082,0.911111111111111,0.8695652173913044,Low,0,1,1,0
2,134,toyota,gas,std,two,hatchback,rwd,front,98.4,176.2,65.6,52.0,2551.0,ohc,four,146.0,mpfi,3.62,3.5,9.3,116,4800.0,24.0,30.0,9989.0,9.791666666666666,7.833333333333333,0.8467083133109082,0.911111111111111,0.8695652173913044,Low,0,1,1,0
2,134,toyota,gas,std,two,hardtop,rwd,front,98.4,176.2,65.6,52.0,2679.0,ohc,four,146.0,mpfi,3.62,3.5,9.3,116,4800.0,24.0,30.0,11199.0,9.791666666666666,7.833333333333333,0.8467083133109082,0.911111111111111,0.8695652173913044,Low,0,1,1,0
2,134,toyota,gas,std,two,hatchback,rwd,front,98.4,176.2,65.6,52.0,2714.0,ohc,four,146.0,mpfi,3.62,3.5,9.3,116,4800.0,24.0,30.0,11549.0,9.791666666666666,7.833333333333333,0.8467083133109082,0.911111111111111,0.8695652173913044,Low,0,1,1,0
2,134,toyota,gas,std,two,convertible,rwd,front,98.4,176.2,65.6,53.0,2975.0,ohc,four,146.0,mpfi,3.62,3.5,9.3,116,4800.0,24.0,30.0,17669.0,9.791666666666666,7.833333333333333,0.8467083133109082,0.911111111111111,0.8862876254180603,Low,0,1,1,0
-1,65,toyota,gas,std,four,sedan,fwd,front,102.4,175.6,66.5,54.9,2326.0,ohc,four,122.0,mpfi,3.31,3.54,8.7,92,4200.0,29.0,34.0,8948.0,8.10344827586207,6.911764705882353,0.8438250840941854,0.9236111111111112,0.9180602006688964,Low,0,1,1,0
-1,65,toyota,diesel,turbo,four,sedan,fwd,front,102.4,175.6,66.5,54.9,2480.0,ohc,four,110.0,idi,3.27,3.35,22.5,73,4500.0,30.0,33.0,10698.0,7.833333333333333,7.121212121212121,0.8438250840941854,0.9236111111111112,0.9180602006688964,Low,1,0,0,1
-1,65,toyota,gas,std,four,hatchback,fwd,front,102.4,175.6,66.5,53.9,2414.0,ohc,four,122.0,mpfi,3.31,3.54,8.7,92,4200.0,27.0,32.0,9988.0,8.703703703703704,7.34375,0.8438250840941854,0.9236111111111112,0.9013377926421405,Low,0,1,1,0
-1,65,toyota,gas,std,four,sedan,fwd,front,102.4,175.6,66.5,54.9,2414.0,ohc,four,122.0,mpfi,3.31,3.54,8.7,92,4200.0,27.0,32.0,10898.0,8.703703703703704,7.34375,0.8438250840941854,0.9236111111111112,0.9180602006688964,Low,0,1,1,0
-1,65,toyota,gas,std,four,hatchback,fwd,front,102.4,175.6,66.5,53.9,2458.0,ohc,four,122.0,mpfi,3.31,3.54,8.7,92,4200.0,27.0,32.0,11248.0,8.703703703703704,7.34375,0.8438250840941854,0.9236111111111112,0.9013377926421405,Low,0,1,1,0
3,197,toyota,gas,std,two,hatchback,rwd,front,102.9,183.5,67.7,52.0,2976.0,dohc,six,171.0,mpfi,3.27,3.35,9.3,161,5200.0,20.0,24.0,16558.0,11.75,9.791666666666666,0.8817876021143681,0.9402777777777778,0.8695652173913044,Medium,0,1,1,0
3,197,toyota,gas,std,two,hatchback,rwd,front,102.9,183.5,67.7,52.0,3016.0,dohc,six,171.0,mpfi,3.27,3.35,9.3,161,5200.0,19.0,24.0,15998.0,12.368421052631579,9.791666666666666,0.8817876021143681,0.9402777777777778,0.8695652173913044,Medium,0,1,1,0
-1,90,toyota,gas,std,four,sedan,rwd,front,104.5,187.8,66.5,54.1,3131.0,dohc,six,171.0,mpfi,3.27,3.35,9.2,156,5200.0,20.0,24.0,15690.0,11.75,9.791666666666666,0.9024507448342144,0.9236111111111112,0.9046822742474917,Medium,0,1,1,0
-1,122,toyota,gas,std,four,wagon,rwd,front,104.5,187.8,66.5,54.1,3151.0,dohc,six,161.0,mpfi,3.27,3.35,9.2,156,5200.0,19.0,24.0,15750.0,12.368421052631579,9.791666666666666,0.9024507448342144,0.9236111111111112,0.9046822742474917,Medium,0,1,1,0
2,122,volkswagen,diesel,std,two,sedan,fwd,front,97.3,171.7,65.5,55.7,2261.0,ohc,four,97.0,idi,3.01,3.4,23.0,52,4800.0,37.0,46.0,7775.0,6.351351351351352,5.108695652173913,0.8250840941854877,0.9097222222222222,0.931438127090301,Low,1,0,1,0
2,122,volkswagen,gas,std,two,sedan,fwd,front,97.3,171.7,65.5,55.7,2209.0,ohc,four,109.0,mpfi,3.19,3.4,9.0,85,5250.0,27.0,34.0,7975.0,8.703703703703704,6.911764705882353,0.8250840941854877,0.9097222222222222,0.931438127090301,Low,0,1,1,0
2,94,volkswagen,diesel,std,four,sedan,fwd,front,97.3,171.7,65.5,55.7,2264.0,ohc,four,97.0,idi,3.01,3.4,23.0,52,4800.0,37.0,46.0,7995.0,6.351351351351352,5.108695652173913,0.8250840941854877,0.9097222222222222,0.931438127090301,Low,1,0,1,0
2,94,volkswagen,gas,std,four,sedan,fwd,front,97.3,171.7,65.5,55.7,2212.0,ohc,four,109.0,mpfi,3.19,3.4,9.0,85,5250.0,27.0,34.0,8195.0,8.703703703703704,6.911764705882353,0.8250840941854877,0.9097222222222222,0.931438127090301,Low,0,1,1,0
2,94,volkswagen,gas,std,four,sedan,fwd,front,97.3,171.7,65.5,55.7,2275.0,ohc,four,109.0,mpfi,3.19,3.4,9.0,85,5250.0,27.0,34.0,8495.0,8.703703703703704,6.911764705882353,0.8250840941854877,0.9097222222222222,0.931438127090301,Low,0,1,1,0
2,94,volkswagen,diesel,turbo,four,sedan,fwd,front,97.3,171.7,65.5,55.7,2319.0,ohc,four,97.0,idi,3.01,3.4,23.0,68,4500.0,37.0,42.0,9495.0,6.351351351351352,5.595238095238095,0.8250840941854877,0.9097222222222222,0.931438127090301,Low,1,0,0,1
2,94,volkswagen,gas,std,four,sedan,fwd,front,97.3,171.7,65.5,55.7,2300.0,ohc,four,109.0,mpfi,3.19,3.4,10.0,100,5500.0,26.0,32.0,9995.0,9.038461538461538,7.34375,0.8250840941854877,0.9097222222222222,0.931438127090301,Low,0,1,1,0
3,122,volkswagen,gas,std,two,convertible,fwd,front,94.5,159.3,64.2,55.6,2254.0,ohc,four,109.0,mpfi,3.19,3.4,8.5,90,5500.0,24.0,29.0,11595.0,9.791666666666666,8.10344827586207,0.7654973570398848,0.8916666666666667,0.9297658862876255,Low,0,1,1,0
3,256,volkswagen,gas,std,two,hatchback,fwd,front,94.5,165.7,64.0,51.4,2221.0,ohc,four,109.0,mpfi,3.19,3.4,8.5,90,5500.0,24.0,29.0,9980.0,9.791666666666666,8.10344827586207,0.7962518020182604,0.8888888888888888,0.8595317725752508,Low,0,1,1,0
0,122,volkswagen,gas,std,four,sedan,fwd,front,100.4,180.2,66.9,55.1,2661.0,ohc,five,136.0,mpfi,3.19,3.4,8.5,110,5500.0,19.0,24.0,13295.0,12.368421052631579,9.791666666666666,0.865929841422393,0.9291666666666667,0.9214046822742475,Low,0,1,1,0
0,122,volkswagen,diesel,turbo,four,sedan,fwd,front,100.4,180.2,66.9,55.1,2579.0,ohc,four,97.0,idi,3.01,3.4,23.0,68,4500.0,33.0,38.0,13845.0,7.121212121212121,6.184210526315789,0.865929841422393,0.9291666666666667,0.9214046822742475,Low,1,0,0,1
0,122,volkswagen,gas,std,four,wagon,fwd,front,100.4,183.1,66.9,55.1,2563.0,ohc,four,109.0,mpfi,3.19,3.4,9.0,88,5500.0,25.0,31.0,12290.0,9.4,7.580645161290323,0.8798654493032196,0.9291666666666667,0.9214046822742475,Low,0,1,1,0
-2,103,volvo,gas,std,four,sedan,rwd,front,104.3,188.8,67.2,56.2,2912.0,ohc,four,141.0,mpfi,3.78,3.15,9.5,114,5400.0,23.0,28.0,12940.0,10.217391304347826,8.392857142857142,0.9072561268620856,0.9333333333333333,0.939799331103679,Low,0,1,1,0
-1,74,volvo,gas,std,four,wagon,rwd,front,104.3,188.8,67.2,57.5,3034.0,ohc,four,141.0,mpfi,3.78,3.15,9.5,114,5400.0,23.0,28.0,13415.0,10.217391304347826,8.392857142857142,0.9072561268620856,0.9333333333333333,0.9615384615384616,Low,0,1,1,0
-2,103,volvo,gas,std,four,sedan,rwd,front,104.3,188.8,67.2,56.2,2935.0,ohc,four,141.0,mpfi,3.78,3.15,9.5,114,5400.0,24.0,28.0,15985.0,9.791666666666666,8.392857142857142,0.9072561268620856,0.9333333333333333,0.939799331103679,Low,0,1,1,0
-1,74,volvo,gas,std,four,wagon,rwd,front,104.3,188.8,67.2,57.5,3042.0,ohc,four,141.0,mpfi,3.78,3.15,9.5,114,5400.0,24.0,28.0,16515.0,9.791666666666666,8.392857142857142,0.9072561268620856,0.9333333333333333,0.9615384615384616,Low,0,1,1,0
-2,103,volvo,gas,turbo,four,sedan,rwd,front,104.3,188.8,67.2,56.2,3045.0,ohc,four,130.0,mpfi,3.62,3.15,7.5,162,5100.0,17.0,22.0,18420.0,13.823529411764707,10.681818181818182,0.9072561268620856,0.9333333333333333,0.939799331103679,Medium,0,1,0,1
-1,74,volvo,gas,turbo,four,wagon,rwd,front,104.3,188.8,67.2,57.5,3157.0,ohc,four,130.0,mpfi,3.62,3.15,7.5,162,5100.0,17.0,22.0,18950.0,13.823529411764707,10.681818181818182,0.9072561268620856,0.9333333333333333,0.9615384615384616,Medium,0,1,0,1
-1,95,volvo,gas,std,four,sedan,rwd,front,109.1,188.8,68.9,55.5,2952.0,ohc,four,141.0,mpfi,3.78,3.15,9.5,114,5400.0,23.0,28.0,16845.0,10.217391304347826,8.392857142857142,0.9072561268620856,0.9569444444444445,0.9280936454849499,Low,0,1,1,0
-1,95,volvo,gas,turbo,four,sedan,rwd,front,109.1,188.8,68.8,55.5,3049.0,ohc,four,141.0,mpfi,3.78,3.15,8.7,160,5300.0,19.0,25.0,19045.0,12.368421052631579,9.4,0.9072561268620856,0.9555555555555555,0.9280936454849499,Medium,0,1,0,1
-1,95,volvo,gas,std,four,sedan,rwd,front,109.1,188.8,68.9,55.5,3012.0,ohcv,six,173.0,mpfi,3.58,2.87,8.8,134,5500.0,18.0,23.0,21485.0,13.055555555555555,10.217391304347826,0.9072561268620856,0.9569444444444445,0.9280936454849499,Medium,0,1,1,0
-1,95,volvo,diesel,turbo,four,sedan,rwd,front,109.1,188.8,68.9,55.5,3217.0,ohc,six,145.0,idi,3.01,3.4,23.0,106,4800.0,26.0,27.0,22470.0,9.038461538461538,8.703703703703704,0.9072561268620856,0.9569444444444445,0.9280936454849499,Low,1,0,0,1
-1,95,volvo,gas,turbo,four,sedan,rwd,front,109.1,188.8,68.9,55.5,3062.0,ohc,four,141.0,mpfi,3.78,3.15,9.5,114,5400.0,19.0,25.0,22625.0,12.368421052631579,9.4,0.9072561268620856,0.9569444444444445,0.9280936454849499,Low,0,1,0,1
